City_ID,City,Country,Lat,Lng,Max Temp,Humidity,Cloudiness,Wind Speed,Current Description
0,Longyearbyen,SJ,78.2186,15.6401,28.24,74,0,0.0,clear sky
1,Nanortalik,GL,60.1432,-45.2371,31.05,85,100,5.7,overcast clouds
2,Pevek,RU,69.7008,170.3133,28.2,77,98,15.57,overcast clouds
3,Bambous Virieux,MU,-20.3428,57.7575,78.22,83,40,8.05,scattered clouds
4,Busselton,AU,-33.65,115.3333,62.76,55,100,7.47,overcast clouds
5,Necochea,AR,-38.5473,-58.7368,46.94,80,9,14.18,clear sky
6,Hasaki,JP,35.7333,140.8333,66.6,58,100,12.64,overcast clouds
7,Cockburn Town,TC,21.4612,-71.1419,78.98,84,100,23.55,overcast clouds
8,Dikson,RU,73.5069,80.5464,31.98,88,100,3.06,overcast clouds
9,Sao Joao Da Barra,BR,-21.6403,-41.0511,72.18,74,96,8.79,overcast clouds
10,Tuktoyaktuk,CA,69.4541,-133.0374,24.8,80,100,10.36,overcast clouds
11,Yerbogachen,RU,61.2767,108.0108,65.53,29,62,5.82,broken clouds
12,Lata,PT,40.1629,-8.3327,59.56,90,92,5.08,overcast clouds
13,Kapaa,US,22.0752,-159.319,80.58,72,0,12.66,clear sky
14,Vaini,TO,-21.2,-175.2,73.56,68,75,8.05,broken clouds
15,Kailua,US,21.4022,-157.7394,82.38,70,20,12.66,few clouds
16,Acapulco,MX,16.8634,-99.8901,84.02,74,100,8.05,overcast clouds
17,Bucerias,MX,20.75,-105.3333,77.99,83,0,0.0,clear sky
18,Talnakh,RU,69.4865,88.3972,37.45,100,100,7.07,overcast clouds
19,Avarua,CK,-21.2078,-159.775,78.85,69,75,6.91,broken clouds
20,Asyut,EG,27.181,31.1837,66.38,32,100,18.59,overcast clouds
21,Reconquista,AR,-29.15,-59.65,52.23,93,0,6.64,clear sky
22,Suez,EG,29.9737,32.5263,68.36,55,70,11.7,broken clouds
23,Calabozo,VE,8.9242,-67.4293,81.77,58,100,4.68,overcast clouds
24,Qaanaaq,GL,77.484,-69.3632,15.8,66,68,6.38,broken clouds
25,Ushuaia,AR,-54.8,-68.3,42.46,75,40,13.8,scattered clouds
26,Odweyne,SO,9.4092,45.064,77.43,54,33,13.47,scattered clouds
27,Hilo,US,19.7297,-155.09,75.27,84,75,10.36,broken clouds
28,Porto Velho,BR,-8.7619,-63.9039,75.25,94,0,2.3,clear sky
29,Punta Arenas,CL,-53.15,-70.9167,37.51,93,20,6.91,few clouds
30,Tuatapere,NZ,-46.1333,167.6833,50.92,82,11,2.46,few clouds
31,Ponta Delgada,PT,37.7333,-25.6667,61.52,67,75,24.16,broken clouds
32,Ribeira Grande,PT,38.5167,-28.7,60.24,62,84,26.24,light rain
33,Dedougou,BF,12.4667,-3.4667,82.94,48,50,7.18,scattered clouds
34,Jian,CN,27.1172,114.9793,57.45,94,100,11.48,overcast clouds
35,Atuona,PF,-9.8,-139.0333,78.21,78,16,17.56,light rain
36,Port Alfred,ZA,-33.5906,26.891,58.32,79,0,2.57,clear sky
37,Racaciuni,RO,46.3333,26.9833,64.08,65,51,2.86,broken clouds
38,Kapit,MY,2.0167,112.9333,95.88,42,49,1.41,scattered clouds
39,Rundu,NA,-17.9333,19.7667,57.56,41,12,4.61,few clouds
40,Saint Anthony,US,45.0205,-93.218,61.75,54,0,9.22,clear sky
41,Geraldton,AU,-28.7667,114.6,70.21,56,100,8.05,overcast clouds
42,Yellowknife,CA,62.456,-114.3525,51.57,53,75,11.99,broken clouds
43,Nikolskoye,RU,59.7035,30.7861,47.79,79,81,7.63,broken clouds
44,Labuhan,ID,-6.8844,112.2051,87.57,68,93,2.51,overcast clouds
45,Hutchinson,US,38.0608,-97.9298,71.55,68,75,0.0,broken clouds
46,Obo,CF,5.3998,26.4869,69.31,90,84,4.07,broken clouds
47,Mataura,NZ,-46.1927,168.8643,51.48,87,22,1.19,few clouds
48,Bathsheba,BB,13.2167,-59.5167,81.21,74,20,18.41,few clouds
49,Westport,US,41.1415,-73.3579,65.46,96,100,3.44,overcast clouds
50,Saint-Philippe,RE,-21.3585,55.7679,72.99,84,69,9.35,light rain
51,Sao Filipe,CV,14.8961,-24.4956,74.98,74,82,9.66,broken clouds
52,Manakara,MG,-22.1333,48.0167,70.39,76,9,2.8,clear sky
53,Port Blair,IN,11.6667,92.75,84.24,79,40,10.36,scattered clouds
54,Barrow,US,71.2906,-156.7887,28.42,93,0,16.11,clear sky
55,Cidreira,BR,-30.1811,-50.2056,62.92,96,100,7.23,moderate rain
56,Rikitea,PF,-23.1203,-134.9692,76.48,74,100,21.07,overcast clouds
57,Nome,US,64.5011,-165.4064,33.87,93,100,10.36,overcast clouds
58,Sechura,PE,-5.5569,-80.8222,67.15,76,30,10.76,scattered clouds
59,Khatanga,RU,71.9667,102.5,33.71,100,100,11.39,overcast clouds
60,Cape Town,ZA,-33.9258,18.4232,54.12,86,0,2.3,clear sky
61,Severo-Kurilsk,RU,50.6789,156.125,37.26,95,100,26.78,heavy intensity rain
62,Abalak,RU,58.1286,68.5944,61.27,46,55,11.63,broken clouds
63,Luderitz,NA,-26.6481,15.1594,62.94,39,14,7.54,few clouds
64,Mahebourg,MU,-20.4081,57.7,78.26,83,40,8.05,scattered clouds
65,Guerrero Negro,MX,27.9769,-114.0611,61.83,81,8,10.69,clear sky
66,Meulaboh,ID,4.1363,96.1285,78.57,92,100,4.0,overcast clouds
67,Abbeville,FR,50.1,1.8333,56.5,87,91,7.34,overcast clouds
68,Jamestown,US,42.097,-79.2353,65.84,89,100,0.0,overcast clouds
69,Teya,RU,60.3778,92.6267,70.63,39,91,2.95,overcast clouds
70,Alofi,NU,-19.0595,-169.9187,76.89,61,83,6.91,broken clouds
71,Upernavik,GL,72.7868,-56.1549,5.09,89,15,4.25,few clouds
72,Pringsewu,ID,-5.3582,104.9744,92.43,51,37,2.24,scattered clouds
73,Bengkulu,ID,-3.8004,102.2655,85.55,72,17,8.03,few clouds
74,Antofagasta,CL,-23.65,-70.4,54.68,75,32,4.43,scattered clouds
75,Kaitangata,NZ,-46.2817,169.8464,48.9,88,55,4.56,broken clouds
76,Krasnoselkup,RU,65.7,82.4667,65.41,41,46,12.53,scattered clouds
77,Clarence Town,AU,-32.5833,151.7833,74.61,81,100,2.89,overcast clouds
78,Lasa,IT,46.6166,10.7002,56.28,86,25,1.9,scattered clouds
79,Hermanus,ZA,-34.4187,19.2345,50.81,80,1,8.84,clear sky
80,Buchanan,LR,5.8808,-10.0467,77.65,91,100,4.88,overcast clouds
81,Bluff,NZ,-46.6,168.3333,51.8,73,56,5.91,broken clouds
82,Lumeje,AO,-11.55,20.7833,57.42,65,0,4.9,clear sky
83,Nemuro,JP,43.3236,145.575,46.51,82,95,12.26,overcast clouds
84,Esna,EG,25.2934,32.554,78.82,32,6,21.7,clear sky
85,Roebourne,AU,-20.7833,117.1333,83.77,38,0,16.82,clear sky
86,Monrovia,LR,6.3005,-10.7969,74.97,87,100,5.95,overcast clouds
87,Sinnamary,GF,5.3833,-52.95,77.56,92,100,7.83,overcast clouds
88,Hithadhoo,MV,-0.6,73.0833,82.63,69,72,6.13,broken clouds
89,Eyl,SO,7.9803,49.8164,86.9,56,6,23.04,clear sky
90,Bethel,US,41.3712,-73.414,65.35,92,100,4.61,mist
91,Roald,NO,62.5833,6.1333,48.76,87,75,3.44,light intensity drizzle
92,Gornyak,RU,50.9942,81.4661,61.12,81,100,11.7,overcast clouds
93,Muros,ES,42.7762,-9.0603,65.16,72,94,19.1,overcast clouds
94,Codrington,AU,-38.2667,141.9667,65.43,61,19,22.59,few clouds
95,Coquimbo,CL,-29.9533,-71.3436,55.13,94,100,8.05,overcast clouds
96,Ilhabela,BR,-23.7781,-45.3581,70.77,89,89,9.08,overcast clouds
97,Puqi,CN,29.7167,113.8833,67.57,53,100,5.35,overcast clouds
98,Arraial Do Cabo,BR,-22.9661,-42.0278,72.77,73,98,15.68,overcast clouds
99,Provideniya,RU,64.3833,-173.3,37.22,89,99,10.87,overcast clouds
100,Campbell River,CA,50.0163,-125.2446,51.33,93,75,6.91,broken clouds
101,Morant Bay,JM,17.8815,-76.4093,80.22,86,84,9.57,broken clouds
102,San Francisco Del Mar,MX,16.2333,-94.65,84.24,67,9,4.32,clear sky
103,East London,ZA,-33.0153,27.9116,54.54,87,0,9.22,clear sky
104,Makakilo City,US,21.3469,-158.0858,80.92,55,0,13.8,clear sky
105,Berezovyy,RU,51.6667,135.7,51.15,49,100,1.28,moderate rain
106,Tadine,NC,-21.55,167.8833,75.92,67,23,11.88,few clouds
107,Mumford,GH,5.2618,-0.759,79.16,85,47,4.14,light rain
108,Shingu,JP,33.7333,135.9833,70.52,60,91,6.76,light rain
109,Comodoro Rivadavia,AR,-45.8667,-67.5,46.26,57,0,10.36,clear sky
110,Mizur,RU,42.8531,44.0531,58.87,55,3,4.18,clear sky
111,Formiga,BR,-20.4644,-45.4264,60.53,81,8,3.24,light rain
112,Bull Savanna,JM,17.8868,-77.5902,75.34,86,41,9.89,scattered clouds
113,Albany,US,42.6001,-73.9662,68.68,85,100,3.56,light rain
114,Sakaiminato,JP,35.55,133.2333,67.93,55,75,11.5,broken clouds
115,Joacaba,BR,-27.1781,-51.5047,59.04,99,100,0.69,overcast clouds
116,Iqaluit,CA,63.7506,-68.5145,17.33,79,75,9.22,broken clouds
117,Ponta Do Sol,PT,32.6667,-17.1,66.7,75,23,7.9,few clouds
118,Magog,CA,45.2668,-72.1491,69.6,77,86,6.91,overcast clouds
119,Axim,GH,4.8699,-2.2405,78.66,87,96,3.27,light rain
120,Havre-Saint-Pierre,CA,50.2334,-63.5986,41.36,60,0,9.22,clear sky
121,Kulhudhuffushi,MV,6.6221,73.07,82.53,79,100,21.45,moderate rain
122,Ahipara,NZ,-35.1667,173.1667,64.69,81,59,9.71,broken clouds
123,Fort Nelson,CA,58.8053,-122.7002,44.19,87,75,2.3,broken clouds
124,Tautira,PF,-17.7333,-149.15,80.28,74,21,9.31,light rain
125,Mason City,US,43.1536,-93.201,63.57,57,0,8.05,clear sky
126,Butaritari,KI,3.0707,172.7902,81.37,71,4,6.46,clear sky
127,Trofors,NO,65.5333,13.4063,37.87,99,100,7.78,light rain
128,Rawlins,US,41.7911,-107.2387,55.29,33,0,17.27,clear sky
129,Great Falls,US,47.5002,-111.3008,50.41,51,0,11.5,clear sky
130,Road Town,VG,18.4167,-64.6167,78.89,78,97,18.75,overcast clouds
131,Airai,TL,-8.9266,125.4092,68.13,82,91,1.54,overcast clouds
132,Mhlume,SZ,-26.0333,31.85,67.23,95,86,4.52,light rain
133,Lima,PE,-12.0432,-77.0282,62.91,83,100,5.75,overcast clouds
134,Plettenberg Bay,ZA,-34.0527,23.3716,55.8,72,0,3.56,clear sky
135,Vangaindrano,MG,-23.35,47.6,70.79,81,55,1.95,broken clouds
136,Vila Velha,BR,-20.3297,-40.2925,71.55,94,100,4.61,overcast clouds
137,Brae,GB,60.3964,-1.353,50.04,83,99,5.23,overcast clouds
138,Barra Do Corda,BR,-5.5,-45.25,74.89,91,100,2.26,overcast clouds
139,Juneau,US,58.3019,-134.4197,48.2,87,100,5.75,overcast clouds
140,Clarksburg,US,39.2807,-80.3445,64.85,96,75,4.61,light rain
141,Beringovskiy,RU,63.05,179.3167,43.99,73,100,14.47,overcast clouds
142,Salalah,OM,17.0151,54.0924,84.29,65,1,1.14,clear sky
143,Saint-Pierre,RE,-21.3393,55.4781,75.9,60,20,6.91,few clouds
144,Puerto Ayora,EC,-0.7393,-90.3518,72.55,96,98,1.01,overcast clouds
145,Coihaique,CL,-45.5752,-72.0662,30.81,93,0,1.14,clear sky
146,Jimeta,NG,9.2833,12.4667,81.93,54,93,2.35,overcast clouds
147,Port Elizabeth,ZA,-33.918,25.5701,46.69,93,0,4.61,clear sky
148,Wanning,CN,18.8003,110.3967,88.77,68,74,10.94,broken clouds
149,Sibu,MY,2.3,111.8167,89.91,62,40,2.3,scattered clouds
150,Kodiak,US,57.79,-152.4072,49.51,40,0,13.8,clear sky
151,Buraydah,SA,26.326,43.975,75.65,11,0,11.92,clear sky
152,Alanya,TR,36.5438,31.9998,60.93,59,32,1.52,scattered clouds
153,Klaksvik,FO,62.2266,-6.589,47.32,90,82,6.93,broken clouds
154,Fortuna,US,40.5982,-124.1573,57.65,94,100,0.0,overcast clouds
155,Mar Del Plata,AR,-38.0023,-57.5575,45.95,81,0,6.91,clear sky
156,Bandiagara,ML,14.3501,-3.6104,82.0,9,98,11.34,overcast clouds
157,Hobart,AU,-42.8794,147.3294,67.86,53,40,8.05,scattered clouds
158,Manoel Urbano,BR,-8.8389,-69.2597,73.29,95,76,0.45,broken clouds
159,Eureka,US,40.8021,-124.1637,59.67,84,95,3.83,overcast clouds
160,Norman Wells,CA,65.282,-126.8329,35.64,75,75,18.41,broken clouds
161,Kisangani,CD,0.5167,25.2,70.07,99,96,0.81,overcast clouds
162,Bredasdorp,ZA,-34.5322,20.0403,50.65,87,0,3.13,clear sky
163,Sakakah,SA,29.9697,40.2064,74.77,13,0,11.79,clear sky
164,Yicheng,CN,31.3705,119.8703,68.16,42,100,5.23,overcast clouds
165,Poum,NC,-20.2333,164.0167,77.65,72,89,10.69,overcast clouds
166,Maumere,ID,-8.6199,122.2111,84.63,66,71,1.81,broken clouds
167,Cayenne,GF,4.9333,-52.3333,82.09,1,75,4.0,broken clouds
168,Perth,AU,-31.9333,115.8333,67.01,61,75,4.61,light rain
169,Zarubino,RU,42.63,131.0922,54.63,50,24,21.47,few clouds
170,Manta,EC,-0.95,-80.7333,76.78,83,100,9.22,overcast clouds
171,Kurchatov,RU,51.6601,35.6521,50.41,89,70,11.39,broken clouds
172,Santa Cruz,BO,-17.8,-63.1667,69.26,83,75,12.66,broken clouds
173,Shimoda,JP,34.6667,138.95,70.16,73,94,13.27,overcast clouds
174,Constitucion,CL,-35.3333,-72.4167,50.94,57,0,4.97,clear sky
175,Olafsvik,IS,64.8945,-23.7142,43.34,93,100,17.16,overcast clouds
176,Te Anau,NZ,-45.4167,167.7167,52.68,82,10,1.88,clear sky
177,Wawa,NG,9.9022,4.4192,79.43,74,70,6.13,broken clouds
178,Shu,KZ,43.5983,73.7614,67.19,59,100,5.64,overcast clouds
179,Changji,CN,44.0167,87.3167,83.19,8,0,15.66,clear sky
180,Vaitape,PF,-16.5167,-151.75,81.48,65,18,6.06,few clouds
181,Evensk,RU,61.95,159.2333,38.7,93,89,15.3,overcast clouds
182,Palu,ID,-0.8917,119.8707,87.31,75,96,3.36,overcast clouds
183,Sao Felix Do Xingu,BR,-6.6447,-51.995,72.3,98,95,1.25,overcast clouds
184,Bahia Blanca,AR,-38.7196,-62.2724,45.68,68,0,7.63,clear sky
185,Katsuura,JP,35.1333,140.3,63.55,73,100,18.03,overcast clouds
186,Pszczyna,PL,49.9804,18.9538,57.22,75,95,3.76,overcast clouds
187,New Norfolk,AU,-42.7826,147.0587,67.5,55,66,4.0,broken clouds
188,Kavieng,PG,-2.5744,150.7967,84.58,63,57,3.15,broken clouds
189,Aasiaat,GL,68.7098,-52.8699,11.55,96,28,3.76,scattered clouds
190,Pangnirtung,CA,66.1451,-65.7125,8.94,88,21,7.18,few clouds
191,Adrar,MR,20.5022,-10.0711,81.86,12,88,8.77,overcast clouds
192,Paripiranga,BR,-10.6875,-37.8617,67.93,94,99,3.11,overcast clouds
193,Penzance,GB,50.1186,-5.5371,54.28,91,99,10.11,overcast clouds
194,Ostrovnoy,RU,68.0531,39.5131,40.06,71,76,7.2,broken clouds
195,Ntcheu,MW,-14.8203,34.6359,58.08,74,0,3.24,clear sky
196,San Cristobal,VE,7.7669,-72.225,69.98,93,99,2.21,overcast clouds
197,Bilibino,RU,68.0546,166.4372,32.31,97,100,6.44,light snow
198,Luoyang,CN,34.6836,112.4536,79.79,15,100,5.93,overcast clouds
199,Alice Town,BS,25.7167,-79.3,79.48,76,2,9.24,clear sky
200,Astrea,CO,9.4983,-73.9759,75.06,95,88,1.48,overcast clouds
201,Tecoanapa,MX,16.5167,-98.75,82.49,72,100,6.76,overcast clouds
202,Mattru,SL,7.6244,-11.8332,73.92,97,98,0.09,overcast clouds
203,Kirksville,US,40.1948,-92.5833,70.05,68,0,4.0,clear sky
204,Mount Isa,AU,-20.7333,139.5,82.17,28,0,11.5,clear sky
205,Mangrol,IN,21.1167,70.1167,87.71,66,5,11.16,clear sky
206,Talara,PE,-4.5772,-81.2719,67.21,82,28,11.03,scattered clouds
207,Georgetown,MY,5.4112,100.3354,89.53,78,20,5.75,few clouds
208,Matara,LK,5.9485,80.5353,82.02,85,100,14.65,overcast clouds
209,Canico,PT,32.6333,-16.85,66.7,74,40,10.36,scattered clouds
210,Topchikha,RU,52.8192,83.1185,70.07,43,98,6.44,light rain
211,Sokolo,ML,14.7328,-6.1219,82.56,11,87,11.7,overcast clouds
212,Aklavik,CA,68.2191,-135.0107,29.07,79,96,2.06,overcast clouds
213,Myrtle Beach,US,33.6891,-78.8867,71.65,91,20,4.61,few clouds
214,Caucaia,BR,-3.7361,-38.6531,82.04,77,20,10.36,few clouds
215,Touros,BR,-5.1989,-35.4608,76.05,92,65,9.22,broken clouds
216,Castro,BR,-24.7911,-50.0119,55.67,98,100,3.18,overcast clouds
217,Kholtoson,RU,50.2981,103.3097,69.75,14,17,4.34,few clouds
218,Inta,RU,66.0317,60.1659,52.99,62,17,12.95,few clouds
219,Hualmay,PE,-11.0964,-77.6139,62.19,89,25,7.31,scattered clouds
220,Tignere,CM,7.3667,12.65,64.15,70,23,1.61,few clouds
221,Ilulissat,GL,69.2167,-51.1,2.98,86,18,8.37,few clouds
222,Flin Flon,CA,54.7682,-101.865,32.31,94,100,11.81,overcast clouds
223,Urucurituba,BR,-2.6833,-57.6667,73.67,99,100,2.19,overcast clouds
224,Praia Da Vitoria,PT,38.7333,-27.0667,57.76,82,20,16.78,few clouds
225,Port-Gentil,GA,-0.7193,8.7815,80.11,86,100,10.92,moderate rain
226,Inuvik,CA,68.3499,-133.7218,29.16,77,100,10.36,overcast clouds
227,Luorong,CN,24.4058,109.6086,61.05,86,100,13.42,overcast clouds
228,Thompson,CA,55.7435,-97.8558,41.16,93,100,2.3,overcast clouds
229,Bahraich,IN,27.5833,81.6,103.1,25,0,10.38,clear sky
230,Port Hawkesbury,CA,45.6169,-61.3485,41.92,98,100,3.44,fog
231,Vardo,NO,70.3705,31.1107,39.18,93,100,2.3,overcast clouds
232,Sitka,US,57.0531,-135.33,48.09,71,100,6.91,overcast clouds
233,Fuyu,CN,45.1833,124.8167,68.4,24,55,15.88,broken clouds
234,Margate,GB,51.3813,1.3862,58.3,84,87,1.99,overcast clouds
235,Harper,LR,4.375,-7.7169,77.68,88,93,4.61,overcast clouds
236,Vila Franca Do Campo,PT,37.7167,-25.4333,61.21,76,68,18.7,light rain
237,Haines Junction,CA,60.7522,-137.5108,31.95,100,100,2.3,overcast clouds
238,Mana,GF,5.6592,-53.7767,77.14,91,100,6.91,overcast clouds
239,Ancud,CL,-41.8697,-73.8203,44.04,84,0,5.99,clear sky
240,Muscle Shoals,US,34.7448,-87.6675,70.75,86,0,0.0,clear sky
241,Kahului,US,20.8947,-156.47,80.62,70,40,12.66,scattered clouds
242,Porto Novo,BJ,6.4965,2.6036,80.42,85,49,4.05,scattered clouds
243,Makushino,RU,55.2103,67.2442,63.3,39,39,12.86,scattered clouds
244,Mount Gambier,AU,-37.8333,140.7667,60.01,82,48,18.66,scattered clouds
245,Mon,IN,26.75,95.1,73.0,94,98,1.86,overcast clouds
246,Kiama,AU,-34.6833,150.8667,72.0,91,94,5.99,light rain
247,Chato,TZ,-2.6378,31.7669,67.39,88,89,5.21,overcast clouds
248,Yar-Sale,RU,66.8333,70.8333,37.62,100,100,6.33,overcast clouds
249,La Palma,US,33.8464,-118.0467,84.81,44,0,4.61,clear sky
250,Los Llanos De Aridane,ES,28.6585,-17.9182,64.15,71,100,10.0,overcast clouds
251,Lebu,CL,-37.6167,-73.65,47.68,66,0,6.4,clear sky
252,Yulara,AU,-25.2406,130.9889,76.71,39,33,9.31,scattered clouds
253,The Valley,AI,18.217,-63.0578,78.1,77,66,19.57,broken clouds
254,Oussouye,SN,12.485,-16.5469,72.5,85,6,4.43,clear sky
255,Adre,TD,13.4667,22.2,76.71,64,92,7.76,overcast clouds
256,Thunder Bay,CA,48.4001,-89.3168,57.11,54,0,5.75,clear sky
257,Tasiilaq,GL,65.6145,-37.6368,26.76,70,100,4.97,overcast clouds
258,Chokurdakh,RU,70.6333,147.9167,22.82,83,100,3.69,overcast clouds
259,Pitea,SE,65.3172,21.4794,42.89,68,13,9.51,few clouds
260,Amapa,BR,1.0,-52.0,72.12,100,99,1.43,overcast clouds
261,Acapetahua,MX,15.2833,-92.7,78.19,76,18,3.65,few clouds
262,Santa Maria Del Oro,MX,25.9333,-105.3667,75.38,19,92,6.73,overcast clouds
263,Singkang,MY,2.1006,102.7994,91.31,57,21,5.12,few clouds
264,Esperance,AU,-33.8667,121.9,57.04,69,100,13.65,overcast clouds
265,Sur,OM,22.5667,59.5289,86.81,55,0,11.14,clear sky
266,Hambantota,LK,6.1241,81.1185,88.14,74,40,13.8,scattered clouds
267,Sulangan,PH,11.1373,123.7228,82.94,75,97,4.23,overcast clouds
268,Cherskiy,RU,68.75,161.3,28.36,74,96,15.46,overcast clouds
269,Sorong,ID,-0.8833,131.25,82.62,80,82,8.14,broken clouds
270,Marienburg,PL,54.0359,19.0266,47.88,80,44,10.0,scattered clouds
271,Torbay,CA,47.6666,-52.7314,31.75,93,20,5.75,few clouds
272,Kautokeino,NO,69.0125,23.0412,34.65,100,100,0.98,snow
273,Bougouni,ML,11.417,-7.479,81.7,30,20,4.56,few clouds
274,Iquitos,PE,-3.7481,-73.2472,75.24,100,0,2.3,light rain
275,Imeni Poliny Osipenko,RU,52.4201,136.4853,43.65,77,100,16.49,moderate rain
276,Lubango,AO,-14.9172,13.4925,58.78,42,11,4.41,few clouds
277,Tiksi,RU,71.6872,128.8694,20.89,86,35,8.01,scattered clouds
278,Barwala,IN,29.3833,75.9167,109.29,9,0,10.98,clear sky
279,Northam,GB,51.0333,-4.2167,53.62,95,100,11.1,overcast clouds
280,Kieta,PG,-6.2167,155.6333,83.3,74,70,2.57,broken clouds
281,Prabumulih,ID,-3.45,104.25,91.31,50,34,4.21,scattered clouds
282,Korla,CN,41.7597,86.1469,77.09,22,24,2.24,few clouds
283,Narsaq,GL,60.9167,-46.05,37.62,63,98,5.06,overcast clouds
284,Diego De Almagro,CL,-26.3667,-70.05,56.39,36,0,2.3,clear sky
285,Sept-Iles,CA,50.2001,-66.3821,46.06,60,75,5.99,broken clouds
286,Humaita,BR,-7.5061,-63.0208,73.94,98,100,1.81,overcast clouds
287,Skara,SE,58.3866,13.4384,47.43,79,5,1.01,clear sky
288,Aberdeen,GB,57.1437,-2.0981,44.65,96,100,1.14,overcast clouds
289,Hami,CN,42.8,93.45,78.46,5,28,9.48,scattered clouds
290,Isangel,VU,-19.55,169.2667,77.18,62,55,11.1,broken clouds
291,Victoria Point,AU,-27.5833,153.3,81.18,95,23,1.99,few clouds
292,Santo Domingo,DO,18.5001,-69.9886,79.03,80,100,3.0,overcast clouds
293,Nabire,ID,-3.3667,135.4833,85.73,66,77,4.68,broken clouds
294,Pakxe,LA,15.1167,105.7833,87.94,79,40,4.61,scattered clouds
295,Puerto Suarez,BO,-18.95,-57.8,70.32,93,55,4.43,broken clouds
296,Ankpa,NG,7.3706,7.6253,71.19,96,53,3.94,broken clouds
297,Lavrentiya,RU,65.5833,-171.0,33.24,98,100,5.44,overcast clouds
298,San Patricio,US,28.017,-97.5169,81.84,90,0,10.51,clear sky
299,Petropavlovsk-Kamchatskiy,RU,53.0452,158.6483,39.79,87,75,15.66,light rain
300,Bayir,TR,37.2687,28.2167,54.12,69,81,5.46,broken clouds
301,Namibe,AO,-15.1961,12.1522,70.3,67,0,3.47,clear sky
302,Chapais,CA,49.7834,-74.8492,56.98,90,100,6.38,overcast clouds
303,Carnarvon,AU,-24.8667,113.6333,73.08,31,0,14.81,clear sky
304,Circleville,US,39.6006,-82.946,64.54,100,40,5.75,scattered clouds
305,Khandyga,RU,62.6667,135.6,42.31,70,99,9.31,overcast clouds
306,Sioux Lookout,CA,50.1001,-91.917,46.47,76,100,5.75,overcast clouds
307,Port Hardy,CA,50.6996,-127.4199,50.0,87,100,12.66,overcast clouds
308,Barcelos,PT,41.5388,-8.6151,62.92,91,91,11.21,overcast clouds
309,Karratha,AU,-20.7377,116.8463,83.75,38,0,17.9,clear sky
310,Kalangala,UG,-0.3089,32.225,67.35,71,63,6.82,light rain
311,Aguacatan,GT,15.3431,-91.3117,69.53,45,100,9.22,overcast clouds
312,Ternate,ID,0.8,127.4,81.77,79,81,11.83,light rain
313,Bud,US,39.447,-86.1758,64.4,95,99,4.34,overcast clouds
314,Udachnyy,RU,66.4167,112.4,38.14,97,100,1.88,overcast clouds
315,Menongue,AO,-14.6585,17.691,54.57,68,2,4.81,clear sky
316,Alice Springs,AU,-23.7,133.8833,76.55,38,2,9.22,clear sky
317,Blagoyevo,RU,63.3667,47.9167,54.66,74,100,3.76,overcast clouds
318,Taoudenni,ML,22.6783,-3.9836,79.0,9,13,11.79,few clouds
319,Lexington Park,US,38.2668,-76.4538,64.65,97,100,0.0,fog
320,Riohacha,CO,11.5444,-72.9072,80.35,80,100,8.72,overcast clouds
321,Hohhot,CN,40.8106,111.6522,66.49,12,40,13.42,scattered clouds
322,Bonavista,CA,48.6499,-53.1147,33.73,74,19,2.37,few clouds
323,Nhulunbuy,AU,-12.2333,136.7667,86.61,51,13,9.22,few clouds
324,Arlit,NE,18.7369,7.3853,80.44,17,1,10.04,clear sky
325,Requena,ES,39.4883,-1.1004,50.52,63,4,1.52,clear sky
326,Baiyin,CN,36.5583,104.2081,56.98,33,98,6.22,overcast clouds
327,Dandong,CN,40.1292,124.3947,69.73,28,9,9.86,clear sky
328,Bonthe,SL,7.5264,-12.505,75.88,90,93,2.95,overcast clouds
329,Batsfjord,NO,70.6345,29.7185,40.78,70,33,3.44,scattered clouds
330,Fairbanks,US,64.8378,-147.7164,48.6,65,75,8.05,shower rain
331,Jalingo,NG,8.8833,11.3667,79.45,72,90,3.98,overcast clouds
332,Lorengau,PG,-2.0226,147.2712,85.05,64,91,8.28,overcast clouds
333,Paracuru,BR,-3.41,-39.0306,82.11,90,94,9.66,overcast clouds
334,Sao Gabriel Da Cachoeira,BR,-0.1303,-67.0892,73.33,99,99,0.78,overcast clouds
335,Maceio,BR,-9.6658,-35.7353,74.64,88,75,3.44,mist
336,Balotra,IN,25.8333,72.2333,98.15,25,0,21.99,clear sky
337,Mancio Lima,BR,-7.6142,-72.8958,71.71,97,21,0.67,few clouds
338,Tirat Karmel,IL,32.7617,34.9719,71.15,80,20,3.44,light rain
339,Quatre Cocos,MU,-20.2078,57.7625,78.1,75,16,13.4,few clouds
340,Presidencia Roque Saenz Pena,AR,-26.7852,-60.4388,53.69,92,0,5.26,clear sky
341,Gamboma,CG,-1.8764,15.8644,72.28,93,100,0.47,overcast clouds
342,Clyde River,CA,70.4692,-68.5914,14.23,79,0,5.75,clear sky
343,Curup,ID,-3.4667,102.5333,84.51,66,23,3.18,few clouds
344,Bontang,ID,0.1333,117.5,85.03,70,56,8.9,light rain
345,Kysyl-Syr,RU,63.8986,122.7617,39.07,45,16,6.64,few clouds
346,Faanui,PF,-16.4833,-151.75,81.46,65,19,6.06,few clouds
347,Saeby,DK,57.3319,10.5225,48.96,82,30,17.69,scattered clouds
348,Soyo,AO,-6.1349,12.3689,76.66,90,54,5.66,broken clouds
349,Toma,BF,12.7667,-2.8833,81.73,54,31,5.61,scattered clouds
350,Saskylakh,RU,71.9167,114.0833,32.9,99,100,10.07,overcast clouds
351,Moscow,RU,55.7522,37.6156,52.23,65,91,7.92,overcast clouds
352,Quevedo,EC,-1.0333,-79.45,73.53,92,100,1.95,overcast clouds
353,Siniscola,IT,40.5719,9.6922,49.55,66,98,2.66,overcast clouds
354,Puerto Leguizamo,CO,-0.1934,-74.7819,72.01,100,100,2.42,overcast clouds
355,Uribia,CO,11.7139,-72.266,81.68,72,100,10.94,overcast clouds
356,Bemidji,US,47.4736,-94.8803,55.49,58,40,9.22,scattered clouds
357,Saint-Augustin,CA,51.226,-58.6502,39.9,87,86,7.72,overcast clouds
358,Srednekolymsk,RU,67.45,153.6833,29.12,79,100,8.59,overcast clouds
359,Beloha,MG,-25.1667,45.05,67.42,81,5,8.01,clear sky
360,Nalut,LY,30.3333,10.85,65.82,26,0,7.74,clear sky
361,Lovozero,RU,68.005,35.0117,46.53,61,84,4.21,broken clouds
362,Maniitsoq,GL,65.4167,-52.9,26.74,56,28,7.43,scattered clouds
363,Konskie,PL,51.1917,20.4061,51.24,81,54,8.9,broken clouds
364,Hofn,IS,64.2539,-15.2082,43.63,87,100,9.91,light rain
365,Trat,TH,12.5,102.5,89.8,74,53,8.9,broken clouds
366,Araouane,ML,18.9048,-3.5265,75.69,10,62,11.74,broken clouds
367,Oxford,GB,51.7522,-1.256,55.18,93,100,5.75,overcast clouds
368,Lompoc,US,34.6391,-120.4579,64.54,84,0,6.91,clear sky
369,Necsesti,RO,44.25,25.15,61.72,73,40,12.03,scattered clouds
370,Hervey Bay,AU,-25.2986,152.8535,75.6,76,0,4.25,clear sky
371,Bambanglipuro,ID,-7.95,110.2833,85.75,70,100,4.97,overcast clouds
372,Alghero,IT,40.5589,8.3181,51.89,82,98,3.44,overcast clouds
373,Waipawa,NZ,-41.4122,175.5153,53.02,96,100,5.35,light rain
374,Adacs,HU,47.6921,19.977,55.9,71,89,3.58,overcast clouds
375,Shalakusha,RU,62.2247,40.2539,48.67,94,100,4.43,overcast clouds
376,Maxixe,MZ,-23.8597,35.3472,64.22,94,40,4.61,scattered clouds
377,Ust-Kuyga,RU,70.0167,135.6,26.67,74,88,4.5,overcast clouds
378,Simao,CN,22.7886,100.9748,79.43,61,44,4.65,scattered clouds
379,Omboue,GA,-1.5746,9.2618,76.98,93,89,5.5,overcast clouds
380,Merauke,ID,-8.4667,140.3333,82.56,66,17,8.57,few clouds
381,Tobetsu,JP,43.2169,141.5169,67.1,36,75,11.5,broken clouds
382,Cabo San Lucas,MX,22.8909,-109.9124,81.7,55,100,9.17,overcast clouds
383,Spirit River,CA,55.7833,-118.8361,48.63,49,57,4.43,broken clouds
384,Suntar,RU,62.1444,117.6319,42.01,82,100,2.59,overcast clouds
385,Santa Ines,BR,-3.6667,-45.38,73.53,98,94,2.98,overcast clouds
386,Kijang,KR,35.2442,129.2139,69.53,49,91,9.95,overcast clouds
387,Ayacucho,PE,-13.1583,-74.2239,57.56,75,88,0.49,overcast clouds
388,Aykhal,RU,66.0,111.5,40.82,89,100,3.85,overcast clouds
389,Riberalta,BO,-10.9833,-66.1,73.85,93,57,0.98,broken clouds
390,Babrala,IN,28.2667,78.4,108.5,7,0,1.72,clear sky
391,Balikpapan,ID,-1.2675,116.8289,85.19,79,20,2.3,light rain
392,Hovd,MN,48.0056,91.6419,66.51,11,0,6.69,clear sky
393,Le Port,RE,-20.9373,55.2919,75.25,62,41,3.24,scattered clouds
394,Sabratah,LY,32.7933,12.4885,71.04,33,0,6.55,clear sky
395,Ereymentau,KZ,51.6199,73.1033,65.71,47,19,16.22,few clouds
396,Turukhansk,RU,65.8167,87.9833,66.83,43,73,11.07,broken clouds
397,Villa Carlos Paz,AR,-31.4241,-64.4978,47.48,54,100,4.0,light rain
398,Olean,US,42.0776,-78.4297,66.78,100,100,6.91,overcast clouds
399,Kismayo,SO,-0.3582,42.5454,81.86,75,86,13.87,overcast clouds
400,Najran,SA,17.4924,44.1277,75.85,12,10,8.59,clear sky
401,Aquiraz,BR,-3.9014,-38.3911,82.18,90,77,10.78,broken clouds
402,Tashla,RU,51.7716,52.7427,58.73,70,100,9.69,overcast clouds
403,Nouadhibou,MR,20.931,-17.0347,71.58,68,100,17.27,overcast clouds
404,Kokoda,PG,-8.8785,147.7407,81.84,84,92,1.28,overcast clouds
405,Mazagao,BR,-0.115,-51.2894,77.05,98,99,3.11,light rain
406,Oriximina,BR,-1.7656,-55.8661,74.68,96,100,3.44,overcast clouds
407,Doka,SD,13.5167,35.7667,87.33,39,4,13.62,clear sky
408,Manzanillo,CU,20.3433,-77.1167,75.27,81,24,0.11,few clouds
409,Sumbe,AO,-11.2061,13.8437,74.46,88,59,1.12,broken clouds
410,Chuy,UY,-33.6971,-53.4616,55.63,91,91,7.25,overcast clouds
411,Pontianak,ID,-0.0333,109.3333,89.58,70,40,4.61,scattered clouds
412,Vytegra,RU,61.0064,36.4481,39.18,95,100,5.55,overcast clouds
413,Mufumbwe,ZM,-13.6833,24.8,55.2,73,5,4.23,clear sky
414,Idah,NG,7.1065,6.7342,73.08,91,65,1.72,broken clouds
415,Palana,RU,59.1167,159.9667,43.66,73,32,6.13,scattered clouds
416,Gamba,GA,-2.65,10.0,76.42,94,94,5.37,overcast clouds
417,Souillac,MU,-20.5167,57.5167,75.58,83,40,8.05,scattered clouds
418,Salina,US,38.8403,-97.6114,75.33,38,20,11.5,few clouds
419,Poltavka,RU,54.3663,71.7632,67.26,37,53,14.83,broken clouds
420,Kirakira,SB,-10.4544,161.9205,82.51,76,68,1.07,broken clouds
421,Husavik,IS,66.0449,-17.3389,38.84,87,100,8.25,overcast clouds
422,Bihariganj,IN,25.7333,86.9833,99.0,42,2,10.2,clear sky
423,Lagoa,PT,39.05,-27.9833,58.55,65,79,28.01,light rain
424,Clacton-On-Sea,GB,51.7897,1.156,57.22,83,98,1.01,overcast clouds
425,Kupang,ID,-10.1667,123.5833,82.92,75,29,2.82,scattered clouds
426,Pilar,BR,-9.5972,-35.9567,73.33,94,39,1.63,scattered clouds
427,Boa Vista,BR,2.8197,-60.6733,78.78,78,75,9.22,broken clouds
428,Kavaratti,IN,10.5669,72.642,79.3,85,100,17.76,moderate rain
429,Uarini,BR,-2.99,-65.1083,74.05,98,100,1.81,moderate rain
430,Waingapu,ID,-9.6567,120.2641,85.84,65,7,9.1,clear sky
431,Dunedin,NZ,-45.8742,170.5036,48.79,90,71,4.0,broken clouds
432,Pisco,PE,-13.7,-76.2167,64.45,82,100,4.61,mist
433,Dingle,PH,10.9995,122.6711,88.66,61,55,6.69,broken clouds
434,Otane,NZ,-39.8833,176.6333,58.01,96,100,2.68,overcast clouds
435,Leningradskiy,RU,69.3833,178.4167,33.01,92,100,22.75,overcast clouds
436,Santa Catalina,PH,9.3337,122.8637,85.98,77,98,3.58,overcast clouds
437,Repnoye,RU,51.5921,43.1861,50.23,93,100,8.08,moderate rain
438,Ankang,CN,32.68,109.0172,63.97,60,100,1.45,overcast clouds
439,Koroni,GR,36.8,21.95,65.07,75,12,3.62,few clouds
440,Maues,BR,-3.3836,-57.7186,73.92,99,100,2.35,overcast clouds
441,Bolitoc,PH,15.7395,119.8769,86.92,70,79,5.55,broken clouds
442,Kendari,ID,-3.945,122.4989,85.57,66,75,5.75,broken clouds
443,Preston,GB,53.7667,-2.7167,58.68,81,100,1.01,overcast clouds
444,Alta Floresta,BR,-9.8756,-56.0861,74.61,77,98,2.82,overcast clouds
445,Gimli,CA,50.6336,-96.9907,48.22,71,100,4.61,overcast clouds
446,Aklera,IN,24.4167,76.5667,102.97,19,30,13.22,scattered clouds
447,Poso,ID,-1.3959,120.7524,86.7,66,94,6.15,overcast clouds
448,Eskil,TR,38.4017,33.4131,61.0,56,93,2.89,overcast clouds
449,Tilaran,CR,10.4703,-84.9671,74.32,79,88,3.36,overcast clouds
450,Kodinsk,RU,58.6881,99.1844,75.63,21,100,5.73,overcast clouds
451,Nyurba,RU,63.2842,118.3319,48.34,51,93,0.54,overcast clouds
452,Lichuan,CN,30.3,108.85,52.63,87,100,0.98,light rain
453,Buala,SB,-8.145,159.5921,82.58,74,92,1.54,overcast clouds
454,Padang,ID,-0.9492,100.3543,87.85,72,17,5.79,few clouds
455,Laplace,US,30.0666,-90.4801,82.38,80,0,0.0,clear sky
456,Saint-Felicien,CA,48.6501,-72.4491,61.3,63,75,6.91,broken clouds
457,Qrendi,MT,35.8347,14.4583,63.1,67,0,8.05,clear sky
458,Marshall,US,34.3834,-86.3333,73.38,73,40,0.0,light rain
459,Trairi,BR,-3.2778,-39.2689,77.74,87,78,9.35,broken clouds
460,Victoria,HK,22.2855,114.1577,77.38,88,100,11.99,overcast clouds
461,Antalaha,MG,-14.9003,50.2788,76.77,67,5,9.4,clear sky
462,Amursk,RU,50.2261,136.8994,50.99,62,100,2.28,light rain
463,Marquette,US,46.5333,-87.6335,60.24,84,55,8.23,broken clouds
464,Torquay,GB,50.4638,-3.5143,55.85,95,97,8.99,overcast clouds
465,Yeppoon,AU,-23.1333,150.7333,82.18,75,26,5.64,scattered clouds
466,Karpathos,GR,35.507,27.2132,64.36,82,20,18.41,few clouds
467,Kholmogory,RU,64.2229,41.656,50.31,78,99,6.38,overcast clouds
468,Mitchell,US,43.7094,-98.0298,58.98,49,0,4.61,clear sky
469,Boyolangu,ID,-8.1181,111.8935,87.06,66,94,5.28,overcast clouds
470,Lashio,MM,22.9333,97.75,81.86,67,62,3.78,broken clouds
471,Vestmannaeyjar,IS,63.4427,-20.2734,47.84,94,100,21.03,overcast clouds
472,Port Arthur,CN,38.8,121.2667,66.42,69,3,9.93,clear sky
473,Lodja,CD,-3.4833,23.4333,70.41,80,45,0.67,scattered clouds
474,Nuuk,GL,64.1835,-51.7216,23.61,86,75,4.61,broken clouds
475,Sobolevo,RU,54.4299,31.8996,46.85,92,100,10.04,light rain
476,Barao De Melgaco,BR,-16.1944,-55.9675,73.74,59,70,2.86,broken clouds
477,Bangkal,PH,6.0667,121.0667,79.2,86,100,5.48,overcast clouds
478,Pacifica,US,37.6138,-122.4869,65.61,87,20,19.57,mist
479,Praia,CV,14.9215,-23.5087,79.34,47,0,28.77,clear sky
480,Zyryanka,RU,65.75,150.85,30.85,78,98,7.56,overcast clouds
481,Puri,IN,19.8,85.85,90.12,76,57,17.56,broken clouds
482,Bulaevo,KZ,54.9056,70.4439,65.19,36,28,11.56,scattered clouds
483,College,US,64.8569,-147.8028,48.58,66,75,8.05,shower rain
484,Okha,RU,53.5739,142.9478,33.22,100,100,4.32,overcast clouds
485,Qixingtai,CN,30.4135,111.8874,69.73,43,100,7.58,overcast clouds
486,San Angelo,US,31.4638,-100.437,82.89,40,0,5.99,clear sky
487,Portland,US,45.5234,-122.6762,64.38,55,20,0.0,few clouds
488,Winnemucca,US,40.973,-117.7357,57.25,44,0,3.85,clear sky
489,Kuzhenkino,RU,57.7611,33.9508,48.11,81,97,7.47,overcast clouds
490,Pachperwa,IN,27.5167,82.65,100.29,30,0,10.98,clear sky
491,Churapcha,RU,62.0025,132.4325,40.26,58,97,7.87,overcast clouds
492,Camacha,PT,33.0833,-16.3333,62.02,82,40,10.36,scattered clouds
493,Tromso,NO,69.6496,18.957,41.38,87,75,6.91,light rain
494,Guhagar,IN,17.4842,73.1929,90.54,54,70,8.16,broken clouds
495,Zharkovskiy,RU,55.849,32.2697,45.52,94,100,6.31,overcast clouds
496,Saldanha,ZA,-33.0117,17.9442,48.25,78,0,8.34,clear sky
497,Dossor,KZ,47.5272,52.9811,67.51,54,100,17.67,overcast clouds
498,Bay Roberts,CA,47.5999,-53.2648,32.5,90,5,1.01,clear sky
499,Eidfjord,NO,60.4675,7.0719,44.31,100,100,3.56,overcast clouds
500,Sukumo,JP,32.9333,132.7333,65.37,62,99,4.41,light rain
501,Nanga Eboko,CM,4.6833,12.3667,68.05,99,87,0.87,overcast clouds
502,Halvad,IN,23.0167,71.1833,97.81,30,0,13.53,clear sky
503,Flinders,AU,-34.5833,150.8552,71.19,90,97,5.99,light rain
504,Dargaville,NZ,-35.9333,173.8833,64.06,84,77,10.27,broken clouds
505,Komsomolskiy,UZ,40.4272,71.7189,65.12,72,40,2.3,light rain
506,Birjand,IR,32.8663,59.2211,61.27,29,0,0.0,clear sky
507,Derzhavinsk,KZ,51.1,66.3167,64.83,46,85,13.62,overcast clouds
508,Stornoway,GB,58.2093,-6.3865,44.56,94,100,1.14,overcast clouds
509,Jinchang,CN,38.4953,102.1739,59.2,16,0,9.55,clear sky
510,Champerico,GT,14.3,-91.9167,84.25,72,44,6.96,scattered clouds
511,Naduvattam,IN,11.4833,76.5667,64.38,85,98,2.55,overcast clouds
512,Buin,CL,-33.7333,-70.75,66.11,48,25,3.51,scattered clouds
513,Mingaora,PK,34.7758,72.3625,93.33,12,98,8.66,overcast clouds
514,Vao,NC,-22.6667,167.4833,73.89,71,23,13.0,few clouds
515,Shouguang,CN,36.88,118.7375,77.65,17,1,11.01,clear sky
516,Staryy Nadym,RU,65.6118,72.6842,47.05,93,94,7.94,overcast clouds
517,Gizo,SB,-8.103,156.8419,83.26,71,41,1.32,scattered clouds
518,Rouvroy,FR,50.3925,2.904,55.9,85,95,5.79,overcast clouds
519,Coacoyul,MX,17.8058,-99.11,69.1,70,51,4.52,broken clouds
520,Tobermory,CA,45.2501,-81.6665,42.46,100,99,7.67,overcast clouds
521,Tagusao,PH,9.1924,117.8141,86.07,69,44,0.98,scattered clouds
522,Watsa,CD,3.0372,29.5355,65.97,90,99,1.79,light rain
523,Verkhovazhye,RU,60.7472,42.0465,46.62,94,100,4.97,light rain
524,Tiarei,PF,-17.5333,-149.3333,80.62,71,9,7.99,clear sky
525,Loreto,MX,22.2667,-101.9667,67.73,44,91,14.18,overcast clouds
526,Payo,ID,-3.7508,103.6372,92.14,52,29,3.96,scattered clouds
527,Lerwick,GB,60.1545,-1.1494,48.2,84,100,5.77,overcast clouds
528,Paita,PE,-5.0892,-81.1144,66.67,80,38,9.57,scattered clouds
529,Cap-Aux-Meules,CA,47.3821,-61.8597,37.42,100,16,3.44,few clouds
530,Broome,US,42.2506,-75.833,65.01,91,100,5.75,overcast clouds
531,Noumea,NC,-22.2763,166.4572,82.0,99,36,10.63,scattered clouds
532,Kruisfontein,ZA,-34.0033,24.7314,50.27,86,0,5.95,clear sky
533,Qaqortoq,GL,60.7167,-46.0333,31.69,77,100,4.05,overcast clouds
534,Sotouboua,TG,8.5667,0.9833,72.39,93,22,1.66,few clouds
535,Beisfjord,NO,68.3751,17.5988,41.05,92,84,6.11,broken clouds
536,Sal Rei,CV,16.1833,-22.9167,71.78,87,100,17.83,overcast clouds
537,San Jose,US,37.3394,-121.895,69.58,64,20,9.22,few clouds
538,Warrnambool,AU,-38.3833,142.4833,63.81,57,31,23.89,scattered clouds
539,Svetlogorsk,BY,52.6333,29.7333,49.75,82,94,13.35,overcast clouds
540,Sangar,RU,63.9242,127.4739,38.23,49,59,2.98,broken clouds
541,Stykkisholmur,IS,65.0757,-22.7297,41.52,89,100,8.05,overcast clouds
542,Saint-Joseph,RE,-21.3667,55.6167,71.98,81,45,10.18,light rain
543,Hailey,US,43.5196,-114.3153,51.66,61,0,7.0,clear sky
544,Lakes Entrance,AU,-37.8811,147.981,74.16,58,1,1.12,clear sky
545,Kharp,RU,66.8014,65.8081,45.12,92,95,8.95,overcast clouds
546,Coxim,BR,-18.5067,-54.76,74.64,58,88,2.55,overcast clouds
547,Laguna,US,38.421,-121.4238,79.39,43,0,3.44,clear sky
548,Tura,IN,25.5198,90.2201,81.18,84,84,7.0,broken clouds
549,Manga,BF,11.6636,-1.0731,83.37,56,41,7.07,scattered clouds
550,Yatou,CN,37.15,122.3833,67.8,32,18,6.89,few clouds
551,Abu Samrah,SY,35.3029,37.1841,79.29,28,93,18.77,overcast clouds
552,Vanavara,RU,60.34,102.2797,71.38,24,66,3.02,broken clouds
553,Jaguariaiva,BR,-24.2511,-49.7058,57.36,98,100,2.3,light rain
554,Lienz,AT,46.8289,12.769,56.73,86,43,2.06,scattered clouds
555,Kokkola,FI,63.8385,23.1307,42.04,86,0,7.0,clear sky
556,Bundaberg,AU,-24.85,152.35,76.48,78,13,6.35,few clouds
557,Belmonte,BR,-15.8631,-38.8828,74.46,85,100,10.36,overcast clouds
558,Tendukheda,IN,23.4,79.55,105.33,15,66,9.53,broken clouds
559,Sahuaripa,MX,29.05,-109.2333,78.71,6,62,6.76,broken clouds
560,Faya,SA,18.3851,42.4509,66.31,14,0,9.8,clear sky
561,Makat,KZ,47.6469,53.3463,67.5,53,100,17.22,overcast clouds
562,Matay,EG,28.419,30.7792,69.55,43,17,18.12,few clouds
563,Niamey,NE,13.5137,2.1098,89.89,45,0,10.36,clear sky
564,Larsnes,NO,62.2028,5.5773,48.45,90,100,1.3,overcast clouds
565,Dicabisagan,PH,17.0818,122.4157,87.03,70,80,10.42,broken clouds
566,Buique,BR,-8.6231,-37.1558,63.32,98,54,3.51,broken clouds
567,Camargo,MX,27.6667,-105.1667,80.94,15,20,9.53,few clouds
568,Tocopilla,CL,-22.092,-70.1979,62.4,69,4,3.13,clear sky
569,Port Hedland,AU,-20.3167,118.5667,84.25,30,75,13.8,broken clouds
570,Pangody,RU,65.85,74.4859,45.43,95,100,7.65,light rain
571,Rawson,AR,-43.3002,-65.1023,49.28,58,0,21.5,clear sky
572,Wodonga,AU,-36.1167,146.8833,68.11,100,75,7.43,broken clouds
573,Birao,CF,10.2849,22.7882,78.76,63,100,5.03,overcast clouds
574,Kargasok,RU,59.0556,80.8572,74.82,34,94,9.71,overcast clouds
575,Palmer,US,42.1584,-72.3287,67.5,87,100,3.44,overcast clouds
576,Fuerte Olimpo,PY,-21.0415,-57.8738,68.79,99,71,3.78,broken clouds
577,Kasongo-Lunda,CD,-6.4667,16.8167,68.47,96,55,0.51,broken clouds
578,Horki,BY,54.2861,30.9842,46.36,96,100,10.71,overcast clouds
579,Riyadh,SA,24.6877,46.7219,75.34,11,0,18.92,clear sky
580,Podor,MR,16.6527,-14.9587,86.65,13,1,5.91,clear sky
581,Erdenet,MN,49.0333,104.0833,64.04,15,21,7.47,few clouds
582,La Ronge,CA,55.1001,-105.2842,37.65,87,100,11.5,overcast clouds
583,Pinyug,RU,60.251,47.7842,42.75,96,100,3.36,light rain
584,Kahama,TZ,-3.8333,32.6,66.65,68,93,4.38,overcast clouds
585,Jalu,LY,29.0331,21.5482,67.14,48,0,7.99,clear sky
586,Luba,GQ,3.4568,8.5547,76.89,84,99,3.83,light rain
587,Chunoyar,RU,57.4467,97.3217,78.42,21,71,5.19,broken clouds
588,Luau,AO,-10.7073,22.2247,57.6,65,5,3.76,clear sky
589,Kutum,SD,14.2,24.6667,78.22,43,86,8.03,light rain
590,Neiafu,TO,-18.65,-173.9833,77.68,65,40,5.75,scattered clouds
591,Sola,VU,-13.8833,167.55,79.83,73,83,15.23,broken clouds
592,Santa Vitoria Do Palmar,BR,-33.5189,-53.3681,55.69,93,81,7.2,broken clouds
593,Naze,JP,28.3667,129.4833,65.32,78,100,17.18,overcast clouds
594,Tshane,BW,-24.0196,21.8684,57.63,37,0,7.25,clear sky
595,Negara,ID,-8.3151,114.6025,86.76,62,16,3.62,few clouds
596,Zhongxing,CN,33.7039,118.6792,72.05,20,93,6.29,overcast clouds
597,Finschhafen,PG,-6.6024,147.8681,85.06,71,86,4.92,overcast clouds
598,Jacksonville,US,30.3322,-81.6556,75.2,89,75,6.91,broken clouds
599,Yumen,CN,40.2833,97.2,67.33,8,0,14.67,clear sky
600,Maine-Soroa,NE,13.2114,12.0241,78.37,16,43,9.75,scattered clouds
601,Paamiut,GL,61.994,-49.6678,27.01,71,80,11.9,broken clouds
602,Yazman,PK,29.1212,71.7446,112.98,5,0,19.69,clear sky
603,Newport,GB,51.5877,-2.9984,52.52,91,99,10.38,overcast clouds
604,Votice,CZ,49.6401,14.6381,56.25,84,12,0.89,few clouds
605,Harrisonburg,US,38.4496,-78.8689,60.8,84,100,0.0,overcast clouds
606,Raiganj,IN,25.6167,88.1167,93.2,54,50,7.63,scattered clouds
607,Mehamn,NO,71.0357,27.8492,37.31,86,100,6.38,overcast clouds
608,Sukabumi,ID,-6.9181,106.9267,83.5,70,87,1.14,overcast clouds
609,Bandikui,IN,27.05,76.5667,110.26,11,0,12.24,clear sky
610,Malyye Derbety,RU,47.9547,44.6808,56.73,87,99,13.18,light rain
611,Mayo,US,38.8876,-76.5119,66.72,97,100,0.0,mist
612,Abu Dhabi,AE,24.4667,54.3667,78.82,55,0,2.3,clear sky
613,Estelle,US,29.8458,-90.1067,82.4,78,0,3.44,clear sky
614,Vilshofen,DE,48.6333,13.1833,56.84,82,25,2.42,scattered clouds
615,Sarkand,KZ,45.41,79.9186,57.83,84,100,6.73,light rain
616,Bantou,CN,26.2151,117.4893,63.46,97,100,2.48,overcast clouds
617,Dashitou,CN,43.3067,128.5114,60.66,29,27,15.79,scattered clouds
618,Vagay,RU,57.9375,69.0217,61.95,45,61,10.54,broken clouds
619,Carbonia,IT,39.1672,8.5222,52.75,53,83,4.36,broken clouds
620,San Andres,CO,12.5847,-81.7006,80.62,83,100,4.61,overcast clouds
621,Sundby,DK,54.864,11.793,49.05,90,12,9.93,few clouds
622,Tinskoy,RU,56.1525,96.9161,79.39,18,92,6.33,overcast clouds
623,Olinda,BR,-8.0089,-34.8553,82.13,74,75,10.36,broken clouds
624,Rio Cuarto,AR,-33.1307,-64.3499,44.47,87,100,1.68,light rain
625,Ilorin,NG,8.5,4.55,77.36,94,0,4.61,clear sky
626,Phalombe,MW,-15.8064,35.6507,61.93,81,1,1.92,clear sky
627,Bolivar,US,37.6145,-93.4105,70.56,78,99,7.96,overcast clouds
628,Medowie,AU,-32.7333,151.8667,73.38,84,75,8.05,light rain
629,Yabelo,ET,4.8833,38.0833,61.23,76,71,11.03,broken clouds
630,Waverly,US,42.7392,-84.6208,64.33,87,0,4.61,clear sky
631,Salem,IN,11.65,78.1667,79.0,89,40,3.44,haze
632,Pindamonhangaba,BR,-22.9239,-45.4617,60.37,93,97,2.89,overcast clouds
633,Rocha,UY,-34.4833,-54.3333,54.5,85,95,7.49,overcast clouds
634,Westerland,DE,54.9079,8.3033,50.02,93,75,3.44,broken clouds
635,Xushan,CN,30.1764,121.2457,64.33,66,100,3.83,overcast clouds
636,Bubaque,GW,11.2833,-15.8333,78.17,81,16,8.68,few clouds
637,Praxedis Guerrero,MX,31.3667,-106.0167,72.54,8,0,1.01,clear sky
638,Myaundzha,RU,63.0494,147.1858,33.13,99,100,4.09,light snow
639,Meadow Lake,US,34.8014,-106.5436,73.06,32,0,3.0,clear sky
640,Gold Coast,AU,-28.0,153.4333,79.9,93,100,9.22,overcast clouds
641,Xingyi,CN,24.1877,102.817,60.71,85,100,4.9,overcast clouds
642,Nizhniy Kuranakh,RU,58.8353,125.4869,39.76,63,99,7.47,light rain
643,Ndele,CF,8.4109,20.6473,73.04,88,100,2.8,overcast clouds
644,Aden,YE,12.7794,45.0367,90.21,43,5,8.32,clear sky
645,Magadan,RU,59.5667,150.8,37.83,94,100,26.96,light rain
646,Santa Maria,BR,-29.6842,-53.8069,58.66,98,100,2.39,overcast clouds
647,Paoua,CF,7.2427,16.4406,68.59,93,98,4.92,light rain
648,Jeremie,HT,18.65,-74.1167,78.39,76,92,5.44,overcast clouds
649,Behbahan,IR,30.5959,50.2417,85.82,14,0,7.31,clear sky
650,Tiznit,MA,29.5833,-9.5,62.89,72,28,2.33,scattered clouds
651,Pakxan,LA,18.3778,103.6601,87.75,69,87,3.47,overcast clouds
652,Veseloyarsk,RU,51.2836,81.1056,58.93,86,100,12.28,moderate rain
653,Coruripe,BR,-10.1256,-36.1756,75.9,88,43,5.68,scattered clouds
654,Barabash,RU,43.2,131.4833,67.01,25,38,10.94,scattered clouds
655,Socond,RO,47.5667,22.95,54.5,85,20,1.14,few clouds
656,Formosa,AR,-26.1775,-58.1781,58.98,94,0,4.61,clear sky
657,Clinton,US,42.587,-82.9199,68.9,83,0,3.44,clear sky
658,Puerto Escondido,MX,15.85,-97.0667,83.23,76,79,7.63,broken clouds
659,Pareora,NZ,-44.4871,171.2132,52.18,97,100,4.05,overcast clouds
660,Massena,US,44.9281,-74.8919,66.76,94,20,4.61,few clouds
661,Bayan,CN,46.0833,127.4,62.42,30,89,15.14,overcast clouds
662,Parnamirim,BR,-5.9156,-35.2628,76.89,94,40,4.61,scattered clouds
663,Kemi,FI,65.8596,24.8228,42.57,87,100,4.61,light rain
664,Boden,SE,65.8252,21.6886,42.8,69,51,6.89,broken clouds
665,Xianyang,CN,34.3378,108.7026,67.24,52,0,4.47,clear sky
666,Deputatskiy,RU,69.3,139.9,21.36,84,100,11.18,overcast clouds
667,Ambikapur,IN,23.1167,83.2,104.83,19,27,15.73,scattered clouds
668,Domoni,KM,-12.2569,44.5319,80.53,73,3,10.58,clear sky
669,Shumskiy,RU,54.8318,99.1328,77.04,15,17,7.52,few clouds
670,Tahe,CN,52.3333,124.7333,52.41,15,17,14.38,few clouds
671,Bulgan,MN,48.8125,103.5347,66.54,13,12,9.15,few clouds
672,Saryozek,KZ,44.3583,77.9753,55.36,87,100,6.76,light rain
673,Acarau,BR,-2.8856,-40.12,77.83,88,55,11.65,broken clouds
674,Andenes,NO,69.3143,16.1194,42.78,81,74,10.36,light rain
675,Mabaruma,GY,8.2,-59.7833,73.17,97,94,1.83,overcast clouds
676,Grand Gaube,MU,-20.0064,57.6608,78.39,71,2,5.99,clear sky
677,Porosozero,RU,62.7191,32.727,46.49,80,100,6.31,overcast clouds
678,Kanigoro,ID,-8.13,112.219,87.35,63,99,6.4,overcast clouds
679,Fenyi,CN,27.8112,114.6681,57.76,93,100,2.91,overcast clouds
680,Sisimiut,GL,66.9395,-53.6735,23.29,73,9,8.43,clear sky
681,Kajaani,FI,64.2273,27.7285,42.85,87,75,8.05,broken clouds
682,Marzuq,YE,14.4,46.4667,79.77,14,3,1.97,clear sky
683,Qostanay,KZ,53.1667,63.5833,62.89,48,0,13.42,clear sky
684,Novikovo,RU,51.1537,37.8879,50.38,85,50,10.63,scattered clouds
685,Xenia,US,39.6848,-83.9296,64.15,93,0,0.0,clear sky
686,Malartic,CA,48.1335,-78.1328,64.51,94,78,7.25,broken clouds
687,Monticello,US,45.3055,-93.7941,58.95,66,40,4.61,scattered clouds
688,Seka,TH,17.9285,103.9552,97.25,56,62,5.3,broken clouds
689,Seoul,KR,37.5683,126.9778,70.99,20,20,11.5,few clouds
690,Thayetmyo,MM,19.3167,95.1833,99.3,38,8,7.36,clear sky
691,Bitung,ID,1.4451,125.1824,92.25,81,100,6.31,overcast clouds
692,Odessa,UA,46.4775,30.7326,59.25,65,36,12.62,scattered clouds
693,Zyryanovsk,KZ,49.7386,84.2719,71.64,34,100,5.59,light rain
694,Madimba,TZ,-10.4,40.3333,72.72,94,20,14.97,few clouds
695,Narasannapeta,IN,18.4167,84.05,92.08,60,36,12.66,scattered clouds
696,Myitkyina,MM,25.3833,97.4,75.94,93,100,1.54,overcast clouds
697,Osakarovka,KZ,50.565,72.5692,62.42,46,54,15.93,broken clouds
698,Nova Olinda Do Norte,BR,-3.8881,-59.0942,73.99,99,100,1.63,overcast clouds
699,Waddan,LY,29.1614,16.139,63.93,42,0,6.89,clear sky
700,Balclutha,NZ,-46.2339,169.75,47.01,92,39,2.62,scattered clouds
701,Thinadhoo,MV,0.5333,72.9333,83.37,70,93,9.75,overcast clouds
702,Magadi,IN,12.9667,77.2333,84.76,64,100,7.36,overcast clouds
703,Samana,DO,19.2056,-69.3369,75.74,86,100,6.44,overcast clouds
704,Lyudinovo,RU,53.8664,34.4478,47.73,92,100,7.16,overcast clouds
705,Canandaigua,US,42.8742,-77.288,67.24,86,100,1.01,overcast clouds
706,Khani,GE,41.9563,42.9566,51.37,46,1,1.92,clear sky
707,Olga,RU,43.7444,135.2892,60.15,41,44,10.31,scattered clouds
708,Yafran,LY,32.0633,12.5286,63.28,31,0,9.55,clear sky
709,Nkowakowa,ZA,-23.8878,30.2871,62.04,86,3,1.57,clear sky
710,Sande,DE,53.5049,8.0142,46.02,91,0,1.9,clear sky
711,Lethem,GY,3.3803,-59.7968,77.04,83,78,10.8,broken clouds
712,Miandrivazo,MG,-19.5167,45.4667,76.01,55,17,1.54,few clouds
713,Havoysund,NO,70.9963,24.6622,41.23,91,100,4.97,overcast clouds
714,Soria,ES,41.6667,-2.6667,51.12,100,73,3.44,broken clouds
715,Oroville,US,39.5138,-121.5564,80.22,43,0,5.75,clear sky
716,Half Moon Bay,US,37.4636,-122.4286,65.28,78,100,19.57,mist
717,Phek,IN,25.6667,94.5,67.39,85,62,2.21,light rain
718,San Quintin,MX,30.4833,-115.95,63.25,73,0,6.31,clear sky
719,Pitimbu,BR,-7.4706,-34.8086,77.59,84,24,8.19,few clouds
720,Bilma,NE,18.6853,12.9164,76.75,28,0,15.86,clear sky
721,Yaan,NG,7.3833,8.5667,74.62,93,46,5.1,scattered clouds
722,Bunia,CD,1.5667,30.25,66.67,85,100,0.36,light rain
723,Nanakuli,US,21.3906,-158.1547,82.35,53,0,9.22,clear sky
724,Palmas Bellas,PA,9.2319,-80.0867,81.0,87,100,3.02,overcast clouds
725,Valparaiso,CL,-33.0393,-71.6273,53.47,81,0,5.75,clear sky
726,Kawalu,ID,-7.3817,108.2082,89.13,58,70,4.23,broken clouds
